{
    "$schema": "http://schema.management.azure.com/schemas/2015-01-01/deploymentTemplate.json#",
    "contentVersion": "1.0.0.0",
    "parameters": {
        "factoryName": {
            "type": "string",
            "metadata": "Data Factory name"
        }
    },
    "variables": { "factoryId": "[concat('Microsoft.DataFactory/factories/', parameters('factoryName'))]" },
    "resources": [
        {
            "name": "[concat(parameters('factoryName'), '/pl_runSynapsePipeline')]",
            "type": "Microsoft.DataFactory/factories/pipelines",
            "apiVersion": "2018-06-01",
            "properties": {
                "activities": [
                    {
                        "name": "Run Synapse Pipeline",
                        "type": "WebActivity",
                        "dependsOn": [],
                        "policy": {
                            "timeout": "0.12:00:00",
                            "retry": 0,
                            "retryIntervalInSeconds": 30,
                            "secureOutput": false,
                            "secureInput": false
                        },
                        "userProperties": [],
                        "typeProperties": {
                            "url": {
                                "value": "@concat(pipeline().parameters.synapseWorkspaceDevEndpoint,'/pipelines/',pipeline().parameters.synapsePipelineName,'/createRun?api-version=2020-12-01')",
                                "type": "Expression"
                            },
                            "method": "POST",
                            "headers": {},
                            "body": {
                                "value": "@pipeline().parameters.synapsePipeParameterBody",
                                "type": "Expression"
                            },
                            "authentication": {
                                "type": "MSI",
                                "resource": "https://dev.azuresynapse.net"
                            }
                        }
                    },
                    {
                        "name": "Check Status of Synapse Pipeline",
                        "type": "Until",
                        "dependsOn": [
                            {
                                "activity": "Run Synapse Pipeline",
                                "dependencyConditions": [ "Succeeded" ]
                            }
                        ],
                        "userProperties": [],
                        "typeProperties": {
                            "expression": {
                                "value": "@not(equals(variables('pipelineStatus'),'InProgress'))",
                                "type": "Expression"
                            },
                            "activities": [
                                {
                                    "name": "Get Pipeline Status",
                                    "type": "WebActivity",
                                    "dependsOn": [
                                        {
                                            "activity": "Wait1",
                                            "dependencyConditions": [ "Succeeded" ]
                                        }
                                    ],
                                    "policy": {
                                        "timeout": "0.12:00:00",
                                        "retry": 0,
                                        "retryIntervalInSeconds": 30,
                                        "secureOutput": false,
                                        "secureInput": false
                                    },
                                    "userProperties": [],
                                    "typeProperties": {
                                        "url": {
                                            "value": "@concat(pipeline().parameters.synapseWorkspaceDevEndpoint,'/pipelineruns/',activity('Run Synapse Pipeline').output.runId,'?api-version=2020-12-01')",
                                            "type": "Expression"
                                        },
                                        "method": "GET",
                                        "headers": {},
                                        "authentication": {
                                            "type": "MSI",
                                            "resource": "https://dev.azuresynapse.net"
                                        }
                                    }
                                },
                                {
                                    "name": "Set Status Variable",
                                    "type": "SetVariable",
                                    "dependsOn": [
                                        {
                                            "activity": "Get Pipeline Status",
                                            "dependencyConditions": [ "Succeeded" ]
                                        }
                                    ],
                                    "userProperties": [],
                                    "typeProperties": {
                                        "variableName": "pipelineStatus",
                                        "value": {
                                            "value": "@activity('Get Pipeline Status').output.status",
                                            "type": "Expression"
                                        }
                                    }
                                },
                                {
                                    "name": "Wait1",
                                    "type": "Wait",
                                    "dependsOn": [],
                                    "userProperties": [],
                                    "typeProperties": { "waitTimeInSeconds": 10 }
                                },
                                {
                                    "name": "Set Message Variable",
                                    "type": "SetVariable",
                                    "dependsOn": [
                                        {
                                            "activity": "Set Status Variable",
                                            "dependencyConditions": [ "Succeeded" ]
                                        }
                                    ],
                                    "userProperties": [],
                                    "typeProperties": {
                                        "variableName": "pipelineStatusMessage",
                                        "value": {
                                            "value": "@activity('Get Pipeline Status').output.message",
                                            "type": "Expression"
                                        }
                                    }
                                }
                            ],
                            "timeout": "0.12:00:00"
                        }
                    },
                    {
                        "name": "If Condition1",
                        "type": "IfCondition",
                        "dependsOn": [
                            {
                                "activity": "Check Status of Synapse Pipeline",
                                "dependencyConditions": [ "Succeeded" ]
                            }
                        ],
                        "userProperties": [],
                        "typeProperties": {
                            "expression": {
                                "value": "@equals(variables('pipelineStatus'),'Failed' )",
                                "type": "Expression"
                            },
                            "ifTrueActivities": [
                                {
                                    "name": "Fail Pipeline",
                                    "type": "Fail",
                                    "dependsOn": [],
                                    "userProperties": [],
                                    "typeProperties": {
                                        "message": {
                                            "value": "@concat('RunId: ',activity('Run Synapse Pipeline').output.runId,' Failed with Message: ',variables('pipelineStatusMessage'))",
                                            "type": "Expression"
                                        },
                                        "errorCode": "500"
                                    }
                                }
                            ]
                        }
                    }
                ],
                "policy": {
                    "elapsedTimeMetric": {},
                    "cancelAfter": {}
                },
                "parameters": {
                    "synapseWorkspaceDevEndpoint": {
                        "type": "string"
                    },
                    "synapsePipelineName": {
                        "type": "string"
                    },
                    "synapsePipeParameterBody": {
                        "type": "string"
                    }
                },
                "variables": {
                    "pipelineStatus": { "type": "String" },
                    "pipelineStatusMessage": { "type": "String" }
                },
                "annotations": []
            },
            "dependsOn": []
        }
    ]
}