{"$schema":"http://schema.management.azure.com/schemas/2015-01-01/deploymentTemplate.json#","contentVersion":"1.0.0.0","parameters":{"workspaceName":{"type":"string","metadata":"Workspace name","defaultValue":"synapse-shir-dev-syn"},"ls_datalake":{"type":"string"}},"variables":{"workspaceId":"[concat('Microsoft.Synapse/workspaces/', parameters('workspaceName'))]"},"resources":[{"name":"[concat(parameters('workspaceName'), '/pl_copyData_adls2adls')]","type":"Microsoft.Synapse/workspaces/pipelines","apiVersion":"2019-06-01-preview","properties":{"activities":[{"name":"copyAdlsToAdls","type":"Copy","dependsOn":[],"policy":{"timeout":"0.12:00:00","retry":0,"retryIntervalInSeconds":30,"secureOutput":false,"secureInput":false},"userProperties":[],"typeProperties":{"source":{"type":"BinarySource","storeSettings":{"type":"AzureBlobFSReadSettings","recursive":true},"formatSettings":{"type":"BinaryReadSettings"}},"sink":{"type":"BinarySink","storeSettings":{"type":"AzureBlobFSWriteSettings"}},"enableStaging":false},"inputs":[{"referenceName":"ds_datalake_binary","type":"DatasetReference","parameters":{"storageAccountName":{"value":"@pipeline().parameters.sourceStorageAccountName","type":"Expression"},"container":{"value":"@pipeline().parameters.destStorageContainerName","type":"Expression"},"fileDirectory":{"value":"@pipeline().parameters.destStorageRootPath","type":"Expression"},"fileName":{"value":"@pipeline().parameters.destStorageFileName","type":"Expression"}}}],"outputs":[{"referenceName":"ds_datalake_binary","type":"DatasetReference","parameters":{"storageAccountName":{"value":"@pipeline().parameters.destStorageAccountName","type":"Expression"},"container":{"value":"@pipeline().parameters.destStorageContainerName","type":"Expression"},"fileDirectory":{"value":"@pipeline().parameters.destStorageRootPath","type":"Expression"},"fileName":{"value":"@pipeline().parameters.destStorageFileName","type":"Expression"}}}]}],"policy":{"elapsedTimeMetric":{},"cancelAfter":{}},"parameters":{"sourceStorageAccountName":{"type":"string"},"sourceStorageContainerName":{"type":"string"},"sourceStorageRootPath":{"type":"string"},"sourceStorageFileName":{"type":"string"},"destStorageAccountName":{"type":"string"},"destStorageContainerName":{"type":"string"},"destStorageRootPath":{"type":"string"},"destStorageFileName":{"type":"string"}},"variables":{"test":{"type":"String"}},"annotations":[],"lastPublishTime":"2023-02-21T18:48:42Z"},"dependsOn":["[concat(variables('workspaceId'), '/datasets/ds_datalake_binary')]"]},{"name":"[concat(parameters('workspaceName'), '/ds_datalake_binary')]","type":"Microsoft.Synapse/workspaces/datasets","apiVersion":"2019-06-01-preview","properties":{"linkedServiceName":{"referenceName":"[parameters('ls_datalake')]","type":"LinkedServiceReference","parameters":{"storageAccountName":{"value":"@dataset().storageAccountName","type":"Expression"}}},"parameters":{"storageAccountName":{"type":"string"},"container":{"type":"string"},"fileDirectory":{"type":"string"},"fileName":{"type":"string"}},"annotations":[],"type":"Binary","typeProperties":{"location":{"type":"AzureBlobFSLocation","fileName":{"value":"@dataset().fileName","type":"Expression"},"folderPath":{"value":"@dataset().fileDirectory","type":"Expression"},"fileSystem":{"value":"@dataset().container","type":"Expression"}}}},"dependsOn":[]}]}