{
    "$schema": "http://schema.management.azure.com/schemas/2015-01-01/deploymentTemplate.json#",
    "contentVersion": "1.0.0.0",
    "parameters": {
        "workspaceName": {
            "type": "string",
            "metadata": "Workspace name"
        },
        "ls_serverlessSQL": { "type": "string" },
        "ls_datalake": { "type": "string" }
    },
    "variables": { "workspaceId": "[concat('Microsoft.Synapse/workspaces/', parameters('workspaceName'))]" },
    "resources": [
        {
            "name": "[concat(parameters('workspaceName'), '/00_costMgmtMaster')]",
            "type": "Microsoft.Synapse/workspaces/pipelines",
            "apiVersion": "2019-06-01-preview",
            "properties": {
                "activities": [
                    {
                        "name": "getDates",
                        "type": "Script",
                        "dependsOn": [
                            {
                                "activity": "createDbIfNotExists",
                                "dependencyConditions": [ "Succeeded" ]
                            }
                        ],
                        "policy": {
                            "timeout": "0.12:00:00",
                            "retry": 0,
                            "retryIntervalInSeconds": 30,
                            "secureOutput": false,
                            "secureInput": false
                        },
                        "userProperties": [],
                        "linkedServiceName": {
                            "referenceName": "[parameters('ls_serverlessSQL')]",
                            "type": "LinkedServiceReference",
                            "parameters": {
                                "synapseWorkspaceName": {
                                    "value": "@pipeline().parameters.synapseWorkspaceName",
                                    "type": "Expression"
                                },
                                "serverlessDBName": {
                                    "value": "@pipeline().parameters.costManagementDbName",
                                    "type": "Expression"
                                }
                            }
                        },
                        "typeProperties": {
                            "scripts": [
                                {
                                    "parameters": [
                                        {
                                            "name": "monthsOfHistory",
                                            "type": "Int32",
                                            "value": {
                                                "value": "@pipeline().parameters.monthsOfHistory",
                                                "type": "Expression"
                                            },
                                            "direction": "Input"
                                        }
                                    ],
                                    "type": "Query",
                                    "text": "DECLARE @monthsPast INT = @monthsOfHistory\n\nCREATE TABLE #dates(dateToProcess datetime)\n\nWHILE @monthsPast >= 1\nBEGIN \n    INSERT INTO #dates\n    SELECT EOMONTH(DATEADD(MONTH,@monthsPast*-1,GETDATE()))\n    select @monthsPast = @monthsPast-1 \nEND\n\nSELECT  LEFT(CONVERT(VARCHAR,dateToProcess,23),8)+'01' startDate\n        ,LEFT(CONVERT(VARCHAR,dateToProcess,23),10) endDate\nFROM #dates\nUNION ALL\nSELECT LEFT(CONVERT(VARCHAR,getdate(),23),8)+'01' startDate\n        ,LEFT(CONVERT(VARCHAR,getdate(),23),10) endDate"
                                }
                            ],
                            "scriptBlockExecutionTimeout": "02:00:00"
                        }
                    },
                    {
                        "name": "createLoadExports",
                        "type": "ForEach",
                        "dependsOn": [
                            {
                                "activity": "getDates",
                                "dependencyConditions": [ "Succeeded" ]
                            }
                        ],
                        "userProperties": [],
                        "typeProperties": {
                            "items": {
                                "value": "@activity('getDates').output.resultSets[0].rows",
                                "type": "Expression"
                            },
                            "isSequential": true,
                            "activities": [
                                {
                                    "name": "loadRaw",
                                    "type": "ExecutePipeline",
                                    "dependsOn": [],
                                    "userProperties": [],
                                    "typeProperties": {
                                        "pipeline": {
                                            "referenceName": "01_costMgmtCreateRunExport",
                                            "type": "PipelineReference"
                                        },
                                        "waitOnCompletion": true,
                                        "parameters": {
                                            "SubscriptionId": {
                                                "value": "@pipeline().parameters.SubscriptionId",
                                                "type": "Expression"
                                            },
                                            "exportName": {
                                                "value": "@pipeline().parameters.exportName",
                                                "type": "Expression"
                                            },
                                            "storageAccountContainerName": {
                                                "value": "@pipeline().parameters.storageAccountContainerName",
                                                "type": "Expression"
                                            },
                                            "rootFolderPath": {
                                                "value": "@pipeline().parameters.rootFolderPath",
                                                "type": "Expression"
                                            },
                                            "storageResourceGroupName": {
                                                "value": "@pipeline().parameters.storageResourceGroupName",
                                                "type": "Expression"
                                            },
                                            "storageAccountName": {
                                                "value": "@pipeline().parameters.storageAccountName",
                                                "type": "Expression"
                                            },
                                            "monthsOfHistory": {
                                                "value": "@pipeline().parameters.monthsOfHistory",
                                                "type": "Expression"
                                            },
                                            "startDate": {
                                                "value": "@item().startDate",
                                                "type": "Expression"
                                            },
                                            "endDate": {
                                                "value": "@item().endDate",
                                                "type": "Expression"
                                            }
                                        }
                                    }
                                },
                                {
                                    "name": "loadEnrich",
                                    "type": "ExecutePipeline",
                                    "dependsOn": [
                                        {
                                            "activity": "loadRaw",
                                            "dependencyConditions": [ "Succeeded" ]
                                        }
                                    ],
                                    "userProperties": [],
                                    "typeProperties": {
                                        "pipeline": {
                                            "referenceName": "02_costMgmtLoadEnrichedPath",
                                            "type": "PipelineReference"
                                        },
                                        "waitOnCompletion": true,
                                        "parameters": {
                                            "exportName": {
                                                "value": "@pipeline().parameters.exportName",
                                                "type": "Expression"
                                            },
                                            "storageAccountContainerName": {
                                                "value": "@pipeline().parameters.storageAccountContainerName",
                                                "type": "Expression"
                                            },
                                            "rootFolderPath": {
                                                "value": "@pipeline().parameters.rootFolderPath",
                                                "type": "Expression"
                                            },
                                            "storageAccountName": {
                                                "value": "@pipeline().parameters.storageAccountName",
                                                "type": "Expression"
                                            },
                                            "startDate": {
                                                "value": "@item().startDate",
                                                "type": "Expression"
                                            },
                                            "endDate": {
                                                "value": "@item().endDate",
                                                "type": "Expression"
                                            },
                                            "SubscriptionId": {
                                                "value": "@pipeline().parameters.SubscriptionId",
                                                "type": "Expression"
                                            },
                                            "destinationRootPath": {
                                                "value": "@pipeline().parameters.destinationRootPath",
                                                "type": "Expression"
                                            },
                                            "synapseWorkspaceName": {
                                                "value": "@pipeline().parameters.synapseWorkspaceName",
                                                "type": "Expression"
                                            },
                                            "costManagementDbName": {
                                                "value": "@pipeline().parameters.costManagementDbName",
                                                "type": "Expression"
                                            },
                                            "destinationStorageAccountName": {
                                                "value": "@pipeline().parameters.destinationStorageAccountName",
                                                "type": "Expression"
                                            },
                                            "destinationStorageAccountContainerName": {
                                                "value": "@pipeline().parameters.destinationStorageAccountContainerName",
                                                "type": "Expression"
                                            },
                                            "outputFormat": {
                                                "value": "@pipeline().parameters.outputFormat",
                                                "type": "Expression"
                                            }
                                        }
                                    }
                                }
                            ]
                        }
                    },
                    {
                        "name": "createDbIfNotExists",
                        "type": "Script",
                        "dependsOn": [],
                        "policy": {
                            "timeout": "0.12:00:00",
                            "retry": 0,
                            "retryIntervalInSeconds": 30,
                            "secureOutput": false,
                            "secureInput": false
                        },
                        "userProperties": [],
                        "linkedServiceName": {
                            "referenceName": "[parameters('ls_serverlessSQL')]",
                            "type": "LinkedServiceReference",
                            "parameters": {
                                "synapseWorkspaceName": {
                                    "value": "@pipeline().parameters.synapseWorkspaceName",
                                    "type": "Expression"
                                },
                                "serverlessDBName": "master"
                            }
                        },
                        "typeProperties": {
                            "scripts": [
                                {
                                    "parameters": [
                                        {
                                            "name": "pm_databaseName",
                                            "type": "String",
                                            "value": {
                                                "value": "@pipeline().parameters.costManagementDbName",
                                                "type": "Expression"
                                            },
                                            "direction": "Input"
                                        }
                                    ],
                                    "type": "Query",
                                    "text": "DECLARE @databaseName NVARCHAR(50) = @pm_databaseName\r\n\r\nIF NOT EXISTS(SELECT * FROM SYS.databases WHERE NAME = @databaseName)\r\nBEGIN\r\n\tDECLARE @createdbsql NVARCHAR(100) = ('CREATE DATABASE '+@databaseName)\r\n\tEXEC sp_executesql @createdbsql\r\nEND"
                                }
                            ],
                            "scriptBlockExecutionTimeout": "02:00:00"
                        }
                    }
                ],
                "policy": {
                    "elapsedTimeMetric": {},
                    "cancelAfter": {}
                },
                "parameters": {
                    "SubscriptionId": {
                        "type": "String"
                    },
                    "exportName": {
                        "type": "String"
                    },
                    "storageAccountContainerName": {
                        "type": "String"
                    },
                    "rootFolderPath": {
                        "type": "String"
                    },
                    "storageResourceGroupName": {
                        "type": "String"
                    },
                    "storageAccountName": {
                        "type": "String"
                    },
                    "monthsOfHistory": {
                        "type": "Int"
                    },
                    "destinationRootPath": {
                        "type": "string"
                    },
                    "synapseWorkspaceName": {
                        "type": "string"
                    },
                    "costManagementDbName": {
                        "type": "string"
                    },
                    "destinationStorageAccountName": {
                        "type": "string"
                    },
                    "destinationStorageAccountContainerName": {
                        "type": "string"
                    },
                    "outputFormat": {
                        "type": "string"
                    }
                },
                "folder": { "name": "costManagement" },
                "annotations": []
            },
            "dependsOn": [ "[concat(variables('workspaceId'), '/pipelines/01_costMgmtCreateRunExport')]", "[concat(variables('workspaceId'), '/pipelines/02_costMgmtLoadEnrichedPath')]" ]
        },
        {
            "name": "[concat(parameters('workspaceName'), '/01_costMgmtCreateRunExport')]",
            "type": "Microsoft.Synapse/workspaces/pipelines",
            "apiVersion": "2019-06-01-preview",
            "properties": {
                "activities": [
                    {
                        "name": "createExport",
                        "type": "WebActivity",
                        "dependsOn": [],
                        "policy": {
                            "timeout": "0.12:00:00",
                            "retry": 0,
                            "retryIntervalInSeconds": 30,
                            "secureOutput": false,
                            "secureInput": false
                        },
                        "userProperties": [],
                        "typeProperties": {
                            "url": {
                                "value": "@concat('https://management.azure.com/subscriptions/',pipeline().parameters.SubscriptionId,'/providers/Microsoft.CostManagement/exports/',pipeline().parameters.exportName,'?api-version=2021-10-01')",
                                "type": "Expression"
                            },
                            "connectVia": {
                                "referenceName": "AutoResolveIntegrationRuntime",
                                "type": "IntegrationRuntimeReference"
                            },
                            "method": "PUT",
                            "headers": {
                                "Content-Type": "application/json",
                                "Accept": "*/*"
                            },
                            "body": {
                                "value": "@concat(\n'\n{\n  \"properties\": {\n    \"definition\": {\n      \"dataset\": {\n        \"granularity\": \"Daily\",\n        \"grouping\": []\n      },\n      \"timePeriod\": {\n        \"from\": \"',pipeline().parameters.startDate,'T00:00:00.000Z\",\n        \"to\": \"',pipeline().parameters.endDate,'T00:00:00.000Z\"\n      },\n      \"timeframe\": \"Custom\",\n      \"type\": \"ActualCost\"\n    },\n    \"deliveryInfo\": {\n      \"destination\": {\n        \"container\": \"',pipeline().parameters.storageAccountContainerName,'\",\n        \"rootFolderPath\": \"',pipeline().parameters.rootFolderPath,'\",\n        \"resourceId\": \"/subscriptions/',pipeline().parameters.SubscriptionId,'/resourceGroups/',pipeline().parameters.storageResourceGroupName,'/providers/Microsoft.Storage/storageAccounts/',pipeline().parameters.storageAccountName,'\"\n      }\n    },\n    \"format\": \"Csv\",\n    \"partitionData\": true\n  }\n}\n'\n)",
                                "type": "Expression"
                            },
                            "authentication": {
                                "type": "MSI",
                                "resource": "https://management.azure.com"
                            }
                        }
                    },
                    {
                        "name": "runExport",
                        "type": "WebActivity",
                        "dependsOn": [
                            {
                                "activity": "createExport",
                                "dependencyConditions": [ "Succeeded" ]
                            }
                        ],
                        "policy": {
                            "timeout": "0.12:00:00",
                            "retry": 0,
                            "retryIntervalInSeconds": 30,
                            "secureOutput": false,
                            "secureInput": false
                        },
                        "userProperties": [],
                        "typeProperties": {
                            "url": {
                                "value": "@concat('https://management.azure.com/subscriptions/',pipeline().parameters.SubscriptionId,'/providers/Microsoft.CostManagement/exports/',pipeline().parameters.exportName,'/run?api-version=2021-10-01')",
                                "type": "Expression"
                            },
                            "connectVia": {
                                "referenceName": "AutoResolveIntegrationRuntime",
                                "type": "IntegrationRuntimeReference"
                            },
                            "method": "POST",
                            "headers": {},
                            "body": {
                                "value": "@variables('runExportBodyDoNotChangeDefault')",
                                "type": "Expression"
                            },
                            "authentication": {
                                "type": "MSI",
                                "resource": "https://management.azure.com"
                            }
                        }
                    },
                    {
                        "name": "monitorRunStatus",
                        "type": "Until",
                        "dependsOn": [
                            {
                                "activity": "runExport",
                                "dependencyConditions": [ "Succeeded" ]
                            }
                        ],
                        "userProperties": [],
                        "typeProperties": {
                            "expression": {
                                "value": "@not(equals(variables('exportStatus'),'InProgress'))",
                                "type": "Expression"
                            },
                            "activities": [
                                {
                                    "name": "getExportStatus",
                                    "type": "WebActivity",
                                    "dependsOn": [
                                        {
                                            "activity": "wait15Secs",
                                            "dependencyConditions": [ "Succeeded" ]
                                        }
                                    ],
                                    "policy": {
                                        "timeout": "0.12:00:00",
                                        "retry": 0,
                                        "retryIntervalInSeconds": 30,
                                        "secureOutput": false,
                                        "secureInput": false
                                    },
                                    "userProperties": [],
                                    "typeProperties": {
                                        "url": {
                                            "value": "@concat('https://management.azure.com/subscriptions/',pipeline().parameters.SubscriptionId,'/providers/Microsoft.CostManagement/exports/',pipeline().parameters.exportName,'?api-version=2021-10-01&$expand=runHistory')",
                                            "type": "Expression"
                                        },
                                        "connectVia": {
                                            "referenceName": "AutoResolveIntegrationRuntime",
                                            "type": "IntegrationRuntimeReference"
                                        },
                                        "method": "GET",
                                        "headers": {},
                                        "authentication": {
                                            "type": "MSI",
                                            "resource": "https://management.azure.com"
                                        }
                                    }
                                },
                                {
                                    "name": "mostRecentRunStatus",
                                    "type": "SetVariable",
                                    "dependsOn": [
                                        {
                                            "activity": "getExportStatus",
                                            "dependencyConditions": [ "Succeeded" ]
                                        }
                                    ],
                                    "userProperties": [],
                                    "typeProperties": {
                                        "variableName": "exportStatus",
                                        "value": {
                                            "value": "@string(activity('getExportStatus').output.properties.runHistory.value[0].properties.status)",
                                            "type": "Expression"
                                        }
                                    }
                                },
                                {
                                    "name": "wait15Secs",
                                    "type": "Wait",
                                    "dependsOn": [],
                                    "userProperties": [],
                                    "typeProperties": { "waitTimeInSeconds": 15 }
                                }
                            ],
                            "timeout": "0.12:00:00"
                        }
                    }
                ],
                "policy": {
                    "elapsedTimeMetric": {},
                    "cancelAfter": {}
                },
                "parameters": {
                    "SubscriptionId": {
                        "type": "String"
                    },
                    "exportName": {
                        "type": "String"
                    },
                    "storageAccountContainerName": {
                        "type": "String"
                    },
                    "rootFolderPath": {
                        "type": "String"
                    },
                    "storageResourceGroupName": {
                        "type": "String"
                    },
                    "storageAccountName": {
                        "type": "String"
                    },
                    "monthsOfHistory": {
                        "type": "Int"
                    },
                    "startDate": {
                        "type": "string"
                    },
                    "endDate": {
                        "type": "string"
                    }
                },
                "variables": {
                    "exportStatus": { "type": "String" },
                    "runExportBodyDoNotChangeDefault": {
                        "type": "String",
                        "defaultValue": "{}"
                    }
                },
                "folder": { "name": "costManagement" },
                "annotations": []
            },
            "dependsOn": []
        },
        {
            "name": "[concat(parameters('workspaceName'), '/02_costMgmtLoadEnrichedPath')]",
            "type": "Microsoft.Synapse/workspaces/pipelines",
            "apiVersion": "2019-06-01-preview",
            "properties": {
                "activities": [
                    {
                        "name": "getExportRunId",
                        "type": "WebActivity",
                        "dependsOn": [],
                        "policy": {
                            "timeout": "0.12:00:00",
                            "retry": 0,
                            "retryIntervalInSeconds": 30,
                            "secureOutput": false,
                            "secureInput": false
                        },
                        "userProperties": [],
                        "typeProperties": {
                            "url": {
                                "value": "@concat('https://management.azure.com/subscriptions/',pipeline().parameters.SubscriptionId,'/providers/Microsoft.CostManagement/exports/',pipeline().parameters.exportName,'?api-version=2021-10-01&$expand=runHistory')",
                                "type": "Expression"
                            },
                            "connectVia": {
                                "referenceName": "AutoResolveIntegrationRuntime",
                                "type": "IntegrationRuntimeReference"
                            },
                            "method": "GET",
                            "headers": {},
                            "authentication": {
                                "type": "MSI",
                                "resource": "https://management.azure.com"
                            }
                        }
                    },
                    {
                        "name": "getProcessingDate",
                        "type": "Script",
                        "dependsOn": [
                            {
                                "activity": "getExportRunId",
                                "dependencyConditions": [ "Succeeded" ]
                            }
                        ],
                        "policy": {
                            "timeout": "0.12:00:00",
                            "retry": 0,
                            "retryIntervalInSeconds": 30,
                            "secureOutput": false,
                            "secureInput": false
                        },
                        "userProperties": [],
                        "linkedServiceName": {
                            "referenceName": "[parameters('ls_serverlessSQL')]",
                            "type": "LinkedServiceReference",
                            "parameters": {
                                "synapseWorkspaceName": {
                                    "value": "@pipeline().parameters.synapseWorkspaceName",
                                    "type": "Expression"
                                },
                                "serverlessDBName": {
                                    "value": "@pipeline().parameters.costManagementDbName",
                                    "type": "Expression"
                                }
                            }
                        },
                        "typeProperties": {
                            "scripts": [
                                {
                                    "parameters": [
                                        {
                                            "name": "pm_fullRunId",
                                            "type": "String",
                                            "value": {
                                                "value": "@string(activity('getExportRunId').output.properties.runHistory.value[0].id)",
                                                "type": "Expression"
                                            },
                                            "direction": "Input"
                                        },
                                        {
                                            "name": "pm_storageAccountName",
                                            "type": "String",
                                            "value": {
                                                "value": "@pipeline().parameters.storageAccountName",
                                                "type": "Expression"
                                            },
                                            "direction": "Input"
                                        },
                                        {
                                            "name": "pm_storageAccountContainerName",
                                            "type": "String",
                                            "value": {
                                                "value": "@pipeline().parameters.storageAccountContainerName",
                                                "type": "Expression"
                                            },
                                            "direction": "Input"
                                        },
                                        {
                                            "name": "pm_exportRootPath",
                                            "type": "String",
                                            "value": {
                                                "value": "@pipeline().parameters.rootFolderPath",
                                                "type": "Expression"
                                            },
                                            "direction": "Input"
                                        },
                                        {
                                            "name": "pm_exportName",
                                            "type": "String",
                                            "value": {
                                                "value": "@pipeline().parameters.exportName",
                                                "type": "Expression"
                                            },
                                            "direction": "Input"
                                        }
                                    ],
                                    "type": "Query",
                                    "text": "DECLARE @ResourceId VARCHAR(MAX)= @pm_fullRunId,\r\n        @storageAccountName VARCHAR(50)= @pm_storageAccountName,\r\n        @storageAccountContainerName VARCHAR(50)= @pm_storageAccountContainerName,\r\n\t\t@exportRootPath VARCHAR(50) = @pm_exportRootPath,\r\n\t\t@exportName VARCHAR(50) = @pm_exportName\r\n\r\nDECLARE @LastSlash int = LEN(@ResourceId)-CHARINDEX('/',REVERSE(@ResourceId))\r\n\r\nDECLARE @runId varchar(100) = substring(@resourceid, @lastslash+2, len(@resourceid))\r\n\r\ndeclare @sql nvarchar(4000)=\r\n'\r\nSELECT top 1 LEFT(csvRows.filepath(1),4)+''-''+SUBSTRING(csvRows.filepath(1),5,2)+''-''+SUBSTRING(csvRows.filepath(1),7,2) startDate\r\n\t\t\t,'''+@runId+''' runId\r\n\t\t\t,'''+@exportRootPath+'/'+@exportName+'/''+csvRows.filepath(1)+'''' pathToDelete\r\n\t\t\t,'''+@exportRootPath+'/'+@exportName+'/''+csvRows.filepath(1)+''/''+csvRows.filepath(2)+''/'+@runId+''' pathToCopy\r\nFROM OPENROWSET(\r\n    BULK ''https://'+@storageAccountName+'.blob.core.windows.net/'+@storageAccountContainerName+'/'+@exportRootPath+'/'+@exportName+'/*/*/'+@runId+'/*.csv'',\r\n    FORMAT = ''CSV'',\r\n    parser_version =''2.0'',\r\n    HEADER_ROW=TRUE\r\n) csvRows\r\n'\r\n\r\nexec sp_executesql @sql"
                                }
                            ],
                            "scriptBlockExecutionTimeout": "02:00:00"
                        }
                    },
                    {
                        "name": "checkPathExists",
                        "type": "GetMetadata",
                        "dependsOn": [
                            {
                                "activity": "getProcessingDate",
                                "dependencyConditions": [ "Succeeded" ]
                            }
                        ],
                        "policy": {
                            "timeout": "0.12:00:00",
                            "retry": 0,
                            "retryIntervalInSeconds": 30,
                            "secureOutput": false,
                            "secureInput": false
                        },
                        "userProperties": [],
                        "typeProperties": {
                            "dataset": {
                                "referenceName": "ds_csv",
                                "type": "DatasetReference",
                                "parameters": {
                                    "container": {
                                        "value": "@pipeline().parameters.destinationStorageAccountContainerName",
                                        "type": "Expression"
                                    },
                                    "path": {
                                        "value": "@pipeline().parameters.destinationRootPath",
                                        "type": "Expression"
                                    },
                                    "filename": {
                                        "value": "@''",
                                        "type": "Expression"
                                    },
                                    "storageAccountName": {
                                        "value": "@pipeline().parameters.destinationStorageAccountName",
                                        "type": "Expression"
                                    }
                                }
                            },
                            "fieldList": [ "exists" ],
                            "storeSettings": {
                                "type": "AzureBlobFSReadSettings",
                                "recursive": true,
                                "enablePartitionDiscovery": false
                            },
                            "formatSettings": { "type": "DelimitedTextReadSettings" }
                        }
                    },
                    {
                        "name": "loadMonthData",
                        "type": "ExecutePipeline",
                        "dependsOn": [
                            {
                                "activity": "checkPathExists",
                                "dependencyConditions": [ "Succeeded" ]
                            }
                        ],
                        "userProperties": [],
                        "typeProperties": {
                            "pipeline": {
                                "referenceName": "03_costMgmtLoadMonthData",
                                "type": "PipelineReference"
                            },
                            "waitOnCompletion": true,
                            "parameters": {
                                "exportName": {
                                    "value": "@pipeline().parameters.exportName",
                                    "type": "Expression"
                                },
                                "storageAccountContainerName": {
                                    "value": "@pipeline().parameters.storageAccountContainerName",
                                    "type": "Expression"
                                },
                                "rootFolderPath": {
                                    "value": "@pipeline().parameters.rootFolderPath",
                                    "type": "Expression"
                                },
                                "storageAccountName": {
                                    "value": "@pipeline().parameters.storageAccountName",
                                    "type": "Expression"
                                },
                                "startDate": {
                                    "value": "@pipeline().parameters.startDate",
                                    "type": "Expression"
                                },
                                "endDate": {
                                    "value": "@pipeline().parameters.endDate",
                                    "type": "Expression"
                                },
                                "SubscriptionId": {
                                    "value": "@pipeline().parameters.SubscriptionId",
                                    "type": "Expression"
                                },
                                "destinationRootPath": {
                                    "value": "@pipeline().parameters.destinationRootPath",
                                    "type": "Expression"
                                },
                                "synapseWorkspaceName": {
                                    "value": "@pipeline().parameters.synapseWorkspaceName",
                                    "type": "Expression"
                                },
                                "costManagementDbName": {
                                    "value": "@pipeline().parameters.costManagementDbName",
                                    "type": "Expression"
                                },
                                "destinationStorageAccountName": {
                                    "value": "@pipeline().parameters.destinationStorageAccountName",
                                    "type": "Expression"
                                },
                                "destinationStorageAccountContainerName": {
                                    "value": "@pipeline().parameters.destinationStorageAccountContainerName",
                                    "type": "Expression"
                                },
                                "dataExists": {
                                    "value": "@toLower(string(activity('checkPathExists').output.exists))",
                                    "type": "Expression"
                                },
                                "outputFormat": {
                                    "value": "@pipeline().parameters.outputFormat",
                                    "type": "Expression"
                                },
                                "exportRunId": {
                                    "value": "@activity('getProcessingDate').output.resultSets[0].rows[0].runId",
                                    "type": "Expression"
                                },
                                "pathToCopy": {
                                    "value": "@activity('getProcessingDate').output.resultSets[0].rows[0].pathToCopy",
                                    "type": "Expression"
                                }
                            }
                        }
                    },
                    {
                        "name": "deleteOrigPath",
                        "type": "Delete",
                        "dependsOn": [
                            {
                                "activity": "loadMonthData",
                                "dependencyConditions": [ "Succeeded" ]
                            }
                        ],
                        "policy": {
                            "timeout": "0.12:00:00",
                            "retry": 0,
                            "retryIntervalInSeconds": 30,
                            "secureOutput": false,
                            "secureInput": false
                        },
                        "userProperties": [],
                        "typeProperties": {
                            "dataset": {
                                "referenceName": "ds_csv",
                                "type": "DatasetReference",
                                "parameters": {
                                    "container": {
                                        "value": "@pipeline().parameters.storageAccountContainerName",
                                        "type": "Expression"
                                    },
                                    "path": {
                                        "value": "@activity('getProcessingDate').output.resultSets[0].rows[0].pathToDelete",
                                        "type": "Expression"
                                    },
                                    "filename": {
                                        "value": "@''",
                                        "type": "Expression"
                                    },
                                    "storageAccountName": {
                                        "value": "@pipeline().parameters.storageAccountName",
                                        "type": "Expression"
                                    }
                                }
                            },
                            "enableLogging": false,
                            "storeSettings": {
                                "type": "AzureBlobFSReadSettings",
                                "recursive": true,
                                "enablePartitionDiscovery": false
                            }
                        }
                    },
                    {
                        "name": "createBaseView",
                        "type": "Script",
                        "dependsOn": [
                            {
                                "activity": "loadMonthData",
                                "dependencyConditions": [ "Succeeded" ]
                            }
                        ],
                        "policy": {
                            "timeout": "0.12:00:00",
                            "retry": 0,
                            "retryIntervalInSeconds": 30,
                            "secureOutput": false,
                            "secureInput": false
                        },
                        "userProperties": [],
                        "linkedServiceName": {
                            "referenceName": "[parameters('ls_serverlessSQL')]",
                            "type": "LinkedServiceReference",
                            "parameters": {
                                "synapseWorkspaceName": {
                                    "value": "@pipeline().parameters.synapseWorkspaceName",
                                    "type": "Expression"
                                },
                                "serverlessDBName": {
                                    "value": "@pipeline().parameters.costManagementDbName",
                                    "type": "Expression"
                                }
                            }
                        },
                        "typeProperties": {
                            "scripts": [
                                {
                                    "parameters": [
                                        {
                                            "name": "pm_storageAccountName",
                                            "type": "String",
                                            "value": {
                                                "value": "@pipeline().parameters.destinationStorageAccountName",
                                                "type": "Expression"
                                            },
                                            "direction": "Input"
                                        },
                                        {
                                            "name": "pm_storageContainerName",
                                            "type": "String",
                                            "value": {
                                                "value": "@pipeline().parameters.destinationStorageAccountContainerName",
                                                "type": "Expression"
                                            },
                                            "direction": "Input"
                                        },
                                        {
                                            "name": "pm_storageRootPath",
                                            "type": "String",
                                            "value": {
                                                "value": "@pipeline().parameters.destinationRootPath",
                                                "type": "Expression"
                                            },
                                            "direction": "Input"
                                        },
                                        {
                                            "name": "pm_outputFormat",
                                            "type": "String",
                                            "value": {
                                                "value": "@pipeline().parameters.outputFormat",
                                                "type": "Expression"
                                            },
                                            "direction": "Input"
                                        }
                                    ],
                                    "type": "Query",
                                    "text": "/*Create a base view using variables*/\r\nDECLARE @storageAccountName     VARCHAR(50)=@pm_storageAccountName\r\n        ,@storageContainerName  VARCHAR(50)=@pm_storageContainerName\r\n        ,@storageRootPath       VARCHAR(200)=@pm_storageRootPath\r\n        ,@outputType            VARCHAR(20)=@pm_outputFormat\r\n        ,@parquetSQL            NVARCHAR(4000)\r\n        ,@deltaSQL              NVARCHAR(4000)\r\n\r\nSELECT @parquetSQL =\r\n'\r\nCREATE OR ALTER VIEW v_costManagment_parquet AS\r\nSELECT  *\r\n        ,rows.filepath(1) as partitionSubscriptionId\r\n        ,rows.filepath(2) as partitionYear\r\n        ,rows.filepath(3) as partitionMonth\r\nFROM OPENROWSET(\r\n    BULK ''https://'+@storageAccountName+'.blob.core.windows.net/'+@storageContainerName+'/'+@storageRootPath+'/subscriptionId=*/year=*/month=*/*'',\r\n    FORMAT = ''parquet''\r\n)rows\r\n'\r\n\r\nSELECT @deltaSQL =\r\n'\r\nCREATE OR ALTER VIEW v_costManagment_delta AS\r\nSELECT *\r\nFROM OPENROWSET(\r\n    BULK ''https://'+@storageAccountName+'.blob.core.windows.net/'+@storageContainerName+'/'+@storageRootPath+''',\r\n    FORMAT = ''delta''\r\n)rows\r\n'\r\n\r\nIF @outputType = 'parquet'\r\nBEGIN\r\n    EXEC sp_executesql @parquetSQL\r\nEND\r\n\r\nIF @outputType = 'delta'\r\nBEGIN\r\n    EXEC sp_executesql @deltaSQL\r\nEND"
                                }
                            ],
                            "scriptBlockExecutionTimeout": "02:00:00"
                        }
                    }
                ],
                "policy": {
                    "elapsedTimeMetric": {},
                    "cancelAfter": {}
                },
                "parameters": {
                    "exportName": {
                        "type": "String"
                    },
                    "storageAccountContainerName": {
                        "type": "String"
                    },
                    "rootFolderPath": {
                        "type": "String"
                    },
                    "storageAccountName": {
                        "type": "String"
                    },
                    "startDate": {
                        "type": "string"
                    },
                    "endDate": {
                        "type": "string"
                    },
                    "SubscriptionId": {
                        "type": "string"
                    },
                    "destinationRootPath": {
                        "type": "string"
                    },
                    "synapseWorkspaceName": {
                        "type": "string"
                    },
                    "costManagementDbName": {
                        "type": "string"
                    },
                    "destinationStorageAccountName": {
                        "type": "string"
                    },
                    "destinationStorageAccountContainerName": {
                        "type": "string"
                    },
                    "outputFormat": {
                        "type": "string"
                    }
                },
                "folder": { "name": "costManagement" },
                "annotations": []
            },
            "dependsOn": [ "[concat(variables('workspaceId'), '/datasets/ds_csv')]", "[concat(variables('workspaceId'), '/pipelines/03_costMgmtLoadMonthData')]" ]
        },
        {
            "name": "[concat(parameters('workspaceName'), '/ds_csv')]",
            "type": "Microsoft.Synapse/workspaces/datasets",
            "apiVersion": "2019-06-01-preview",
            "properties": {
                "linkedServiceName": {
                    "referenceName": "[parameters('ls_datalake')]",
                    "type": "LinkedServiceReference",
                    "parameters": {
                        "storageAccountName": {
                            "value": "@dataset().storageAccountName",
                            "type": "Expression"
                        }
                    }
                },
                "parameters": {
                    "container": { "type": "string" },
                    "path": { "type": "string" },
                    "filename": { "type": "string" },
                    "storageAccountName": { "type": "string" }
                },
                "annotations": [],
                "type": "DelimitedText",
                "typeProperties": {
                    "location": {
                        "type": "AzureBlobFSLocation",
                        "fileName": {
                            "value": "@dataset().filename",
                            "type": "Expression"
                        },
                        "folderPath": {
                            "value": "@dataset().path",
                            "type": "Expression"
                        },
                        "fileSystem": {
                            "value": "@dataset().container",
                            "type": "Expression"
                        }
                    },
                    "columnDelimiter": ",",
                    "escapeChar": "\"",
                    "firstRowAsHeader": true,
                    "quoteChar": "\""
                },
                "schema": []
            },
            "dependsOn": []
        },
        {
            "name": "[concat(parameters('workspaceName'), '/03_costMgmtLoadMonthData')]",
            "type": "Microsoft.Synapse/workspaces/pipelines",
            "apiVersion": "2019-06-01-preview",
            "properties": {
                "activities": [
                    {
                        "name": "deleteMonth",
                        "type": "Switch",
                        "dependsOn": [],
                        "userProperties": [],
                        "typeProperties": {
                            "on": {
                                "value": "@if(\n    equals(pipeline().parameters.dataExists,'true')\n    ,if(\n        equals(pipeline().parameters.outputFormat,'delta')\n        ,'delta'\n        ,if(\n            equals(pipeline().parameters.outputFormat,'parquet')\n            ,'parquet'\n            ,'meetsnocondition'\n            )\n        )\n    ,'meetsnocondition'\n)",
                                "type": "Expression"
                            },
                            "cases": [
                                {
                                    "value": "delta",
                                    "activities": [
                                        {
                                            "name": "deleteDelta",
                                            "type": "ExecuteDataFlow",
                                            "dependsOn": [],
                                            "policy": {
                                                "timeout": "0.12:00:00",
                                                "retry": 0,
                                                "retryIntervalInSeconds": 30,
                                                "secureOutput": false,
                                                "secureInput": false
                                            },
                                            "userProperties": [],
                                            "typeProperties": {
                                                "dataflow": {
                                                    "referenceName": "dfCostManagementDeleteDelta",
                                                    "type": "DataFlowReference",
                                                    "parameters": {
                                                        "sourceContainerName": {
                                                            "value": "'@{pipeline().parameters.destinationStorageAccountContainerName}'",
                                                            "type": "Expression"
                                                        },
                                                        "sourceRootPath": {
                                                            "value": "'@{pipeline().parameters.destinationRootPath}'",
                                                            "type": "Expression"
                                                        },
                                                        "subscriptionId": {
                                                            "value": "'@{pipeline().parameters.SubscriptionId}'",
                                                            "type": "Expression"
                                                        },
                                                        "startDate": {
                                                            "value": "'@{pipeline().parameters.startDate}'",
                                                            "type": "Expression"
                                                        }
                                                    },
                                                    "datasetParameters": {
                                                        "source1": {},
                                                        "sink1": {}
                                                    },
                                                    "linkedServiceParameters": {
                                                        "source1": {
                                                            "linkedService": {
                                                                "storageAccountName": {
                                                                    "value": "@pipeline().parameters.destinationStorageAccountName",
                                                                    "type": "Expression"
                                                                }
                                                            }
                                                        },
                                                        "sink1": {
                                                            "linkedService": {
                                                                "storageAccountName": {
                                                                    "value": "@pipeline().parameters.destinationStorageAccountName",
                                                                    "type": "Expression"
                                                                }
                                                            }
                                                        }
                                                    }
                                                },
                                                "staging": {},
                                                "integrationRuntime": {
                                                    "referenceName": "ir-dataflow",
                                                    "type": "IntegrationRuntimeReference"
                                                },
                                                "traceLevel": "Fine"
                                            }
                                        }
                                    ]
                                },
                                {
                                    "value": "parquet",
                                    "activities": [
                                        {
                                            "name": "Delete1",
                                            "type": "Delete",
                                            "dependsOn": [],
                                            "policy": {
                                                "timeout": "0.12:00:00",
                                                "retry": 0,
                                                "retryIntervalInSeconds": 30,
                                                "secureOutput": false,
                                                "secureInput": false
                                            },
                                            "userProperties": [],
                                            "typeProperties": {
                                                "dataset": {
                                                    "referenceName": "ds_parquet",
                                                    "type": "DatasetReference",
                                                    "parameters": {
                                                        "storageAccountName": {
                                                            "value": "@pipeline().parameters.destinationStorageAccountName",
                                                            "type": "Expression"
                                                        },
                                                        "container": {
                                                            "value": "@pipeline().parameters.destinationStorageAccountContainerName",
                                                            "type": "Expression"
                                                        },
                                                        "path": {
                                                            "value": "@concat(pipeline().parameters.destinationRootPath,'/subscriptionId=',pipeline().parameters.SubscriptionId,'/year=',substring(pipeline().parameters.startDate,0 ,4 ),'/month=',substring(pipeline().parameters.startDate,5 ,2 ))",
                                                            "type": "Expression"
                                                        },
                                                        "filename": {
                                                            "value": "@''",
                                                            "type": "Expression"
                                                        }
                                                    }
                                                },
                                                "enableLogging": false,
                                                "storeSettings": {
                                                    "type": "AzureBlobFSReadSettings",
                                                    "recursive": true,
                                                    "enablePartitionDiscovery": false
                                                }
                                            }
                                        }
                                    ]
                                }
                            ]
                        }
                    },
                    {
                        "name": "insertMonth",
                        "type": "Switch",
                        "dependsOn": [
                            {
                                "activity": "deleteMonth",
                                "dependencyConditions": [ "Succeeded" ]
                            }
                        ],
                        "userProperties": [],
                        "typeProperties": {
                            "on": {
                                "value": "@if(\n        equals(pipeline().parameters.outputFormat,'delta')\n        ,'delta'\n        ,if(\n            equals(pipeline().parameters.outputFormat,'parquet')\n            ,'parquet'\n            ,'meetsnocondition'\n            )\n    )",
                                "type": "Expression"
                            },
                            "cases": [
                                {
                                    "value": "delta",
                                    "activities": [
                                        {
                                            "name": "loadDelta",
                                            "type": "ExecuteDataFlow",
                                            "dependsOn": [],
                                            "policy": {
                                                "timeout": "0.12:00:00",
                                                "retry": 0,
                                                "retryIntervalInSeconds": 30,
                                                "secureOutput": false,
                                                "secureInput": false
                                            },
                                            "userProperties": [],
                                            "typeProperties": {
                                                "dataflow": {
                                                    "referenceName": "dfCostManagementUpdateDelta",
                                                    "type": "DataFlowReference",
                                                    "parameters": {
                                                        "startDate": {
                                                            "value": "'@{pipeline().parameters.startDate}'",
                                                            "type": "Expression"
                                                        },
                                                        "sourceContainerName": {
                                                            "value": "'@{pipeline().parameters.storageAccountContainerName}'",
                                                            "type": "Expression"
                                                        },
                                                        "sourceRootPath": {
                                                            "value": "'@{pipeline().parameters.rootFolderPath}'",
                                                            "type": "Expression"
                                                        },
                                                        "destinationContainerName": {
                                                            "value": "'@{pipeline().parameters.destinationStorageAccountContainerName}'",
                                                            "type": "Expression"
                                                        },
                                                        "destinationRootPath": {
                                                            "value": "'@{pipeline().parameters.destinationRootPath}'",
                                                            "type": "Expression"
                                                        },
                                                        "sourceExportGuid": {
                                                            "value": "'@{pipeline().parameters.exportRunId}'",
                                                            "type": "Expression"
                                                        },
                                                        "exportName": {
                                                            "value": "'@{pipeline().parameters.exportName}'",
                                                            "type": "Expression"
                                                        },
                                                        "subscriptionId": {
                                                            "value": "'@{pipeline().parameters.SubscriptionId}'",
                                                            "type": "Expression"
                                                        }
                                                    },
                                                    "datasetParameters": {
                                                        "costMgmtSrc": {},
                                                        "costMgmtDeltaDest": {}
                                                    },
                                                    "linkedServiceParameters": {
                                                        "costMgmtSrc": {
                                                            "linkedService": {
                                                                "storageAccountName": {
                                                                    "value": "@pipeline().parameters.storageAccountName",
                                                                    "type": "Expression"
                                                                }
                                                            }
                                                        },
                                                        "costMgmtDeltaDest": {
                                                            "linkedService": {
                                                                "storageAccountName": {
                                                                    "value": "@pipeline().parameters.destinationStorageAccountName",
                                                                    "type": "Expression"
                                                                }
                                                            }
                                                        }
                                                    }
                                                },
                                                "staging": {},
                                                "integrationRuntime": {
                                                    "referenceName": "ir-dataflow",
                                                    "type": "IntegrationRuntimeReference"
                                                },
                                                "traceLevel": "Fine"
                                            }
                                        }
                                    ]
                                },
                                {
                                    "value": "parquet",
                                    "activities": [
                                        {
                                            "name": "copyToParquet",
                                            "type": "Copy",
                                            "dependsOn": [],
                                            "policy": {
                                                "timeout": "0.12:00:00",
                                                "retry": 0,
                                                "retryIntervalInSeconds": 30,
                                                "secureOutput": false,
                                                "secureInput": false
                                            },
                                            "userProperties": [],
                                            "typeProperties": {
                                                "source": {
                                                    "type": "DelimitedTextSource",
                                                    "storeSettings": {
                                                        "type": "AzureBlobFSReadSettings",
                                                        "recursive": false,
                                                        "wildcardFolderPath": {
                                                            "value": "@pipeline().parameters.pathToCopy",
                                                            "type": "Expression"
                                                        },
                                                        "wildcardFileName": "*.csv",
                                                        "enablePartitionDiscovery": false
                                                    },
                                                    "formatSettings": { "type": "DelimitedTextReadSettings" }
                                                },
                                                "sink": {
                                                    "type": "ParquetSink",
                                                    "storeSettings": { "type": "AzureBlobFSWriteSettings" },
                                                    "formatSettings": {
                                                        "type": "ParquetWriteSettings",
                                                        "maxRowsPerFile": 1000000,
                                                        "fileNamePrefix": ""
                                                    }
                                                },
                                                "enableStaging": false,
                                                "translator": {
                                                    "type": "TabularTranslator",
                                                    "typeConversion": true,
                                                    "typeConversionSettings": {
                                                        "allowDataTruncation": true,
                                                        "treatBooleanAsNumber": false
                                                    }
                                                }
                                            },
                                            "inputs": [
                                                {
                                                    "referenceName": "ds_csv",
                                                    "type": "DatasetReference",
                                                    "parameters": {
                                                        "container": {
                                                            "value": "@pipeline().parameters.storageAccountContainerName",
                                                            "type": "Expression"
                                                        },
                                                        "path": {
                                                            "value": "@pipeline().parameters.rootFolderPath",
                                                            "type": "Expression"
                                                        },
                                                        "filename": {
                                                            "value": "@''",
                                                            "type": "Expression"
                                                        },
                                                        "storageAccountName": {
                                                            "value": "@pipeline().parameters.storageAccountName",
                                                            "type": "Expression"
                                                        }
                                                    }
                                                }
                                            ],
                                            "outputs": [
                                                {
                                                    "referenceName": "ds_parquet",
                                                    "type": "DatasetReference",
                                                    "parameters": {
                                                        "storageAccountName": {
                                                            "value": "@pipeline().parameters.destinationStorageAccountName",
                                                            "type": "Expression"
                                                        },
                                                        "container": {
                                                            "value": "@pipeline().parameters.destinationStorageAccountContainerName",
                                                            "type": "Expression"
                                                        },
                                                        "path": {
                                                            "value": "@concat(pipeline().parameters.destinationRootPath,'/subscriptionId=',pipeline().parameters.SubscriptionId,'/year=',substring(pipeline().parameters.startDate,0 ,4 ),'/month=',substring(pipeline().parameters.startDate,5 ,2 ))",
                                                            "type": "Expression"
                                                        },
                                                        "filename": {
                                                            "value": "@''",
                                                            "type": "Expression"
                                                        }
                                                    }
                                                }
                                            ]
                                        }
                                    ]
                                }
                            ]
                        }
                    }
                ],
                "policy": {
                    "elapsedTimeMetric": {},
                    "cancelAfter": {}
                },
                "parameters": {
                    "exportName": {
                        "type": "String"
                    },
                    "storageAccountContainerName": {
                        "type": "String"
                    },
                    "rootFolderPath": {
                        "type": "String"
                    },
                    "storageAccountName": {
                        "type": "String"
                    },
                    "startDate": {
                        "type": "string"
                    },
                    "endDate": {
                        "type": "string"
                    },
                    "SubscriptionId": {
                        "type": "string"
                    },
                    "destinationRootPath": {
                        "type": "string"
                    },
                    "synapseWorkspaceName": {
                        "type": "string"
                    },
                    "costManagementDbName": {
                        "type": "string"
                    },
                    "destinationStorageAccountName": {
                        "type": "string"
                    },
                    "destinationStorageAccountContainerName": {
                        "type": "string"
                    },
                    "dataExists": {
                        "type": "string"
                    },
                    "outputFormat": {
                        "type": "string"
                    },
                    "exportRunId": {
                        "type": "string"
                    },
                    "pathToCopy": {
                        "type": "string"
                    }
                },
                "folder": { "name": "costManagement" },
                "annotations": []
            },
            "dependsOn": [ "[concat(variables('workspaceId'), '/dataflows/dfCostManagementDeleteDelta')]", "[concat(variables('workspaceId'), '/datasets/ds_parquet')]", "[concat(variables('workspaceId'), '/dataflows/dfCostManagementUpdateDelta')]", "[concat(variables('workspaceId'), '/datasets/ds_csv')]" ]
        },
        {
            "name": "[concat(parameters('workspaceName'), '/dfCostManagementDeleteDelta')]",
            "type": "Microsoft.Synapse/workspaces/dataflows",
            "apiVersion": "2019-06-01-preview",
            "properties": {
                "type": "MappingDataFlow",
                "typeProperties": {
                    "sources": [
                        {
                            "linkedService": {
                                "referenceName": "[parameters('ls_datalake')]",
                                "type": "LinkedServiceReference"
                            },
                            "name": "source1"
                        }
                    ],
                    "sinks": [
                        {
                            "linkedService": {
                                "referenceName": "[parameters('ls_datalake')]",
                                "type": "LinkedServiceReference"
                            },
                            "name": "sink1"
                        }
                    ],
                    "transformations": [ { "name": "alterRow1" } ],
                    "scriptLines": [ "parameters{", "     sourceContainerName as string,", "     sourceRootPath as string,", "     subscriptionId as string,", "     startDate as string", "}", "source(output(", "          invoiceId as string,", "          previousInvoiceId as string,", "          billingAccountId as string,", "          billingAccountName as string,", "          billingProfileId as string,", "          billingProfileName as string,", "          invoiceSectionId as string,", "          invoiceSectionName as string,", "          resellerName as string,", "          resellerMpnId as string,", "          costCenter as string,", "          billingPeriodEndDate as string,", "          billingPeriodStartDate as string,", "          servicePeriodEndDate as string,", "          servicePeriodStartDate as string,", "          date as string,", "          serviceFamily as string,", "          productOrderId as string,", "          productOrderName as string,", "          consumedService as string,", "          meterId as string,", "          meterName as string,", "          meterCategory as string,", "          meterSubCategory as string,", "          meterRegion as string,", "          ProductId as string,", "          ProductName as string,", "          SubscriptionId as string,", "          subscriptionName as string,", "          publisherType as string,", "          publisherId as string,", "          publisherName as string,", "          resourceGroupName as string,", "          ResourceId as string,", "          resourceLocation as string,", "          location as string,", "          effectivePrice as string,", "          quantity as string,", "          unitOfMeasure as string,", "          chargeType as string,", "          billingCurrency as string,", "          pricingCurrency as string,", "          costInBillingCurrency as string,", "          costInPricingCurrency as string,", "          costInUsd as string,", "          paygCostInBillingCurrency as string,", "          paygCostInUsd as string,", "          exchangeRatePricingToBilling as string,", "          exchangeRateDate as string,", "          isAzureCreditEligible as string,", "          serviceInfo1 as string,", "          serviceInfo2 as string,", "          additionalInfo as string,", "          tags as string,", "          PayGPrice as string,", "          frequency as string,", "          term as string,", "          reservationId as string,", "          reservationName as string,", "          pricingModel as string,", "          unitPrice as string,", "          costAllocationRuleName as string,", "          benefitId as string,", "          benefitName as string,", "          provider as string,", "          yearPartitionKey as string,", "          monthPartitionKey as string,", "          subscriptionIdPartitionKey as string,", "          genericRowKey as long", "     ),", "     allowSchemaDrift: true,", "     validateSchema: false,", "     ignoreNoFilesFound: true,", "     format: 'delta',", "     fileSystem: ($sourceContainerName),", "     folderPath: ($sourceRootPath)) ~> source1", "source1 alterRow(deleteIf(yearPartitionKey==left($startDate,4)&&monthPartitionKey==substring($startDate,6,2)&&SubscriptionId==$subscriptionId)) ~> alterRow1", "alterRow1 sink(allowSchemaDrift: true,", "     validateSchema: false,", "     format: 'delta',", "     fileSystem: ($sourceContainerName),", "     folderPath: ($sourceRootPath),", "     mergeSchema: false,", "     autoCompact: false,", "     optimizedWrite: false,", "     vacuum: 0,", "     deletable:true,", "     insertable:false,", "     updateable:false,", "     upsertable:false,", "     keys:['yearPartitionKey','monthPartitionKey','subscriptionIdPartitionKey','genericRowKey'],", "     umask: 0022,", "     preCommands: [],", "     postCommands: [],", "     skipDuplicateMapInputs: true,", "     skipDuplicateMapOutputs: true) ~> sink1" ]
                }
            },
            "dependsOn": []
        },
        {
            "name": "[concat(parameters('workspaceName'), '/ds_parquet')]",
            "type": "Microsoft.Synapse/workspaces/datasets",
            "apiVersion": "2019-06-01-preview",
            "properties": {
                "linkedServiceName": {
                    "referenceName": "[parameters('ls_datalake')]",
                    "type": "LinkedServiceReference",
                    "parameters": {
                        "storageAccountName": {
                            "value": "@dataset().storageAccountName",
                            "type": "Expression"
                        }
                    }
                },
                "parameters": {
                    "storageAccountName": { "type": "string" },
                    "container": { "type": "string" },
                    "path": { "type": "string" },
                    "filename": { "type": "string" }
                },
                "annotations": [],
                "type": "Parquet",
                "typeProperties": {
                    "location": {
                        "type": "AzureBlobFSLocation",
                        "folderPath": {
                            "value": "@dataset().path",
                            "type": "Expression"
                        },
                        "fileSystem": {
                            "value": "@dataset().container",
                            "type": "Expression"
                        }
                    },
                    "compressionCodec": "snappy"
                },
                "schema": []
            },
            "dependsOn": []
        },
        {
            "name": "[concat(parameters('workspaceName'), '/dfCostManagementUpdateDelta')]",
            "type": "Microsoft.Synapse/workspaces/dataflows",
            "apiVersion": "2019-06-01-preview",
            "properties": {
                "type": "MappingDataFlow",
                "typeProperties": {
                    "sources": [
                        {
                            "linkedService": {
                                "referenceName": "[parameters('ls_datalake')]",
                                "type": "LinkedServiceReference"
                            },
                            "name": "costMgmtSrc"
                        }
                    ],
                    "sinks": [
                        {
                            "linkedService": {
                                "referenceName": "[parameters('ls_datalake')]",
                                "type": "LinkedServiceReference"
                            },
                            "name": "costMgmtDeltaDest"
                        }
                    ],
                    "transformations": [
                        { "name": "addPartitionCols" },
                        { "name": "addGenericKey" }
                    ],
                    "scriptLines": [ "parameters{", "     startDate as string,", "     sourceContainerName as string,", "     sourceRootPath as string,", "     destinationContainerName as string,", "     destinationRootPath as string,", "     sourceExportGuid as string,", "     exportName as string,", "     subscriptionId as string", "}", "source(useSchema: false,", "     allowSchemaDrift: true,", "     validateSchema: false,", "     ignoreNoFilesFound: true,", "     format: 'delimited',", "     fileSystem: ($sourceContainerName),", "     columnDelimiter: ',',", "     escapeChar: '\\\"',", "     quoteChar: '\\\"',", "     columnNamesAsHeader: true,", "     wildcardPaths:[(concat($sourceRootPath,'/',$exportName,'/*/*/',$sourceExportGuid,'/*.csv'))]) ~> costMgmtSrc", "costMgmtSrc derive(yearPartitionKey = left($startDate,4),", "          monthPartitionKey = substring($startDate,6,2),", "          subscriptionIdPartitionKey = $subscriptionId) ~> addPartitionCols", "addPartitionCols keyGenerate(output(genericRowKey as long),", "     startAt: 1L,", "     stepValue: 1L) ~> addGenericKey", "addGenericKey sink(allowSchemaDrift: true,", "     validateSchema: false,", "     format: 'delta',", "     fileSystem: ($destinationContainerName),", "     folderPath: ($destinationRootPath),", "     mergeSchema: true,", "     autoCompact: true,", "     optimizedWrite: false,", "     vacuum: 0,", "     deletable:false,", "     insertable:true,", "     updateable:false,", "     upsertable:false,", "     umask: 0022,", "     preCommands: [],", "     postCommands: [],", "     skipDuplicateMapInputs: true,", "     skipDuplicateMapOutputs: true,", "     partitionBy('key',", "          0,", "          yearPartitionKey,", "          monthPartitionKey,", "          subscriptionIdPartitionKey", "     )) ~> costMgmtDeltaDest" ]
                }
            },
            "dependsOn": []
        }
    ]
}